Bug ID,Severity,Status,Title,Preconditions,Steps to Reproduce,Actual Result,Expected Result,Priority
BUG-VJP-001,Minor,Open,Password visibility icon state is inconsistent,Registration page is open,Enter password and compare visibility icons in Password and Confirm Password fields,Icon state does not match actual password visibility,Open-eye state should mean visible; closed-eye state should mean hidden,
BUG-VJP-002,Minor,Open,Incorrect error message for invalid password,Registered user exists,Sign in with valid email and incorrect password,Message indicates that the email is not registered,Message should identify invalid password or invalid credentials,
BUG-VJP-003,Critical,Closed,Application from unpublished veteran profile is not visible to recruiter,Veteran profile is unpublished,Submit application and check recruiter applications,Application exists/status changes but recruiter cannot see it until profile publication,Behavior should match defined business rule and provide clear user feedback,
BUG-VJP-004,Critical,Closed,User with incomplete profile can submit job application,Veteran is authenticated with incomplete profile,Open a vacancy and submit application,Application can be submitted before required profile completion,System should prevent submission or clearly require completion of required profile data,High
BUG-VJP-005,Critical,Closed,No first-login onboarding guidance for veteran,New veteran account,Complete registration and observe first screen,User is redirected without welcome/profile-completion guidance,Show onboarding guidance and a clear action to complete profile,
BUG-VJP-006,,Open,Veteran phone field validation issue,Veteran profile form is open,Enter invalid phone values,Field accepts invalid values / validation behavior is unclear,Phone input should enforce the documented format and show a clear validation error,
BUG-VJP-007,,Open,Vacancy activation shows creation date instead of publication date,,Activate/publish vacancy and inspect displayed date,Creation date is shown where publication date is expected,Display the correct publication/activation date,
BUG-VJP-008,Minor,Open,Incorrect surname display in recruiter application list,Recruiter has applicant,Open vacancy applications and compare applicant data with profile,Surname is displayed incorrectly,Stored applicant name/surname should be displayed correctly,
BUG-VJP-009,Medium,Open,Phone field accepts invalid values,Form with phone field is open,"Enter spaces, letters, symbols, wrong country format and submit",Invalid values are accepted/saved,"Reject invalid values, block submission and show clear error",
BUG-VJP-010,Minor,Open,Company vacancy link lacks clear visual affordance,Job details page is open,Locate and hover 'All company vacancies',Link looks like normal text; only cursor changes,Use recognizable link styling or hover treatment,
BUG-VJP-011,,Open,Empty white block appears below footer,Profile publication page is open,Open page and scroll below footer,Extra empty white area is displayed,Page should end cleanly without unintended empty block,
BUG-VJP-012,Major,Closed,No validation message for empty email field,Registration page is open,Leave email empty and move focus/submit,No clear error message is displayed,Required email field should show a clear validation message,
BUG-VJP-013,,Open,Email placeholder does not provide sufficient guidance,Registration form is open,Inspect email field placeholder,Placeholder does not provide useful format guidance,Provide concise example/format guidance if required by UX specification,
BUG-VJP-014,,Closed,Registration form accepts invalid values,Registration form is open,Enter invalid values in registration fields,Invalid values can be accepted without adequate validation,Invalid values should be rejected with clear field-level feedback,
BUG-VJP-015,,Open,Password validation error message is missing/incomplete,Registration form is open,Enter invalid password,Validation error is missing or insufficient,Display password requirements and block invalid submission,
BUG-VJP-016,Major,Open,CTA buttons have incorrect role-dependent active states,"User can be logged out, recruiter or veteran",Open home page and inspect role-specific CTAs,Buttons can remain active/highlighted regardless of role,CTA state should correspond to current authentication/role state,
BUG-VJP-017,,Open,Veteran job-posting CTA block is incorrectly positioned,Home page is open,Inspect hero/CTA layout,CTA block is positioned inconsistently with intended layout,Place the block according to the approved page layout,
BUG-VJP-018,,Closed,Veteran login redirects inconsistently,Veteran account exists,Sign in repeatedly and observe destination,User can land on Home instead of the Veteran dashboard,Authenticated veteran should be routed consistently to the intended destination,
BUG-VJP-019,,Open,Duplicate navigation actions on Veteran dashboard,Veteran is authenticated,Open Veteran dashboard,The same destination/action is exposed more than once,Each primary action should be represented once or clearly differentiated,
BUG-VJP-020,,Open,My Applications navigation requires link/route verification,Veteran is authenticated,Inspect My Applications element and follow it,Navigation/route behavior requires verification,Button should navigate to the intended My Applications page consistently,
BUG-VJP-021,,Open,Phone field accepts invalid values on veteran profile setup,Veteran profile setup is open,Enter invalid phone values,Invalid values are accepted,Apply consistent phone validation on profile setup,
BUG-VJP-022,,Open,No limit/handling for a large number of profile skills,Veteran profile is open,Add many skills,UI/validation does not define or enforce a reasonable skill limit,Define and handle the allowed number of skills according to product requirements,
BUG-VJP-023,Critical,Not reproducible,UI reports jobs found while the result list is empty,Search results are displayed,Run the relevant search and compare UI count with returned list/DevTools response,UI can show a positive result count while no job cards are rendered,Displayed count and rendered results should remain consistent